"","X","id","comuna","cut_com","seccion","location_latitude","location_longitude","area_total","non_land_use","area_arrendada","margen_final","num_de_cultivos","eficiencia_prom","frut_share","hort_share","forraj_share","vides_share","tuber_share","cer_share","rgo_agua_subt","rgo_agua_sup","sist_acum_agua","dificultad_por_sequia","respaldo_inst","edad","experiencia","land_use_efectiva","lnd_use_norm","eficiencia_prom_norm","margen_final_norm","dificultad_por_sequia_pond","respaldo_inst_pond","rgo_agua_subt_pond","rgo_agua_sup_pond","ives","typo"
"1",1,43169907,"c_san_felipe","05701","segunda_seccion",-32.7300987243652,-70.7024002075195,7,5,0,-4980541.5,2,0.65,0,0.142857142857143,0,0,0.142857142857143,0,1,0,"no tengo sistema de acumulaciã³n",1,1,75,65,2,3e-04,0.1026,6e-04,0.05,0.1,0.1,0,0.427,1
"2",2,43169908,"c_san_felipe","05701","segunda_seccion",-32.7464981079102,-70.6826019287109,0.5,0,0,629952.75,2,0.6,0.5,0.5,0,0,0,0,1,0,"no tengo sistema de acumulaciã³n",1,1,47,80,0.5,1e-04,0.0948,8e-04,0.05,0.1,0.1,0,0.419,2
"3",3,43169909,"c_san_felipe","05701","primera_seccion",-32.7453002929688,-70.6915969848633,10,6,0,20860331.2,2,0.7,0,0.2,0.2,0,0,0,1,0,"tranque",1,1,57,20,4,7e-04,0.11055,0.0012,0.05,0.1,0.1,0,0.436,3
"4",4,43169911,"c_santa_maria","05706","primera_seccion",-32.7389984130859,-70.6580963134766,5,0,0,44489925,1,0.7,1,0,0,0,0,0,1,0,"no tengo sistema de acumulaciã³n",1,1,82,71,5,9e-04,0.11055,0.0016,0.05,0.1,0.1,0,0.414,4
"5",5,43169917,"c_san_felipe","05701","primera_seccion",-32.7509994506836,-70.6949996948242,0.5,0,0,298825.5,1,0.7,0,0,0,1,0,0,1,0,"no tengo sistema de acumulaciã³n",1,1,60,55,0.5,1e-04,0.11055,8e-04,0.05,0.1,0.1,0,0.41,2
"6",6,43169925,"c_santa_maria","05706","primera_seccion",-32.7336006164551,-70.671501159668,13,0,0,315510442,1,0.95,1,0,0,0,0,0,1,0,"tranque",1,1,59,42,13,0.0022,0.15,0.0062,0.05,0.1,0.1,0,0.459,5
"7",7,43251753,"c_rinconada","05303","primera_seccion",-32.8084983825684,-70.7169036865234,0.5,0,0,-315316.5,1,0.95,1,0,0,0,0,0,1,1,"tranque",1,1,62,27,0.5,1e-04,0.15,8e-04,0.05,0.1,0.1,0.1,0.581,4
"8",8,43251754,"c_rinconada","05303","primera_seccion",-32.8162994384766,-70.7186965942383,6,3,0,-1410000,1,0.6,0,0,0.5,0,0,0,1,0,"tranque",1,1,77,60,3,5e-04,0.0948,8e-04,0.05,0.1,0.1,0,0.426,3
"9",9,43251755,"c_rinconada","05303","primera_seccion",-32.8330993652344,-70.7108993530273,0.2,0,0,4271582,1,0.6,1,0,0,0,0,0,1,0,"no tengo sistema de acumulaciã³n",1,1,68,40,0.2,0,0.0948,8e-04,0.05,0.1,0.1,0,0.425,2
"10",10,43251756,"c_rinconada","05303","primera_seccion",-32.8412017822266,-70.6970977783203,1,0,1,530000,1,0.6,0,0,1,0,0,0,1,0,"no tengo sistema de acumulaciã³n",1,1,70,65,1,2e-04,0.0948,8e-04,0.05,0.1,0.1,0,0.426,2
"11",11,43251757,"c_rinconada","05303","primera_seccion",-32.871898651123,-70.6921005249023,9,0,0,191498648,2,0.65,0.444444444444444,0,0.555555555555556,0,0,0,1,0,"no tengo sistema de acumulaciã³n",1,1,51,20,9,0.0015,0.1026,0.004,0.05,0.1,0.1,0,0.438,5
"12",12,43257548,"c_calle_larga","05302","primera_seccion",-32.8708992004395,-70.6278991699219,4,1,0,3990000,1,0.6,0,0,0.75,0,0,0,1,0,"no tengo sistema de acumulaciã³n",1,1,71,60,3,5e-04,0.0948,8e-04,0.05,0.1,0.1,0,0.398,3
"13",13,43257549,"c_calle_larga","05302","primera_seccion",-32.8917007446289,-70.6685028076172,4.5,0,0,-6605843.2,3,0.75,0.888888888888889,0,0.111111111111111,0,0,0,1,0,"tranque",1,0,71,50,4.5,8e-04,0.11835,6e-04,0.05,0,0.1,0,0.347,4
"14",14,43257550,"c_calle_larga","05302","primera_seccion",-32.8758010864258,-70.6521987915039,10,3,0,213580990,1,0.95,0.7,0,0,0,0,0,1,0,"tranque",1,1,60,30,7,0.0012,0.15,0.0044,0.05,0.1,0.1,0,0.482,5
"15",15,43257551,"c_calle_larga","05302","primera_seccion",-32.8842010498047,-70.6586990356445,23,8,0,35329614,1,0.95,0.652173913043478,0,0,0,0,0,0,0,"tranque",1,0,47,25,15,0.0026,0.15,0.0014,0.05,0,0,0,0.256,4
"16",16,43257552,"c_calle_larga","05302","primera_seccion",-32.8771018981934,-70.6037979125977,7,2,0,-954398.4,2,0.65,0.285714285714286,0,0.428571428571429,0,0,0,1,0,"no tengo sistema de acumulaciã³n",1,1,63,55,5,9e-04,0.1026,8e-04,0.05,0.1,0.1,0,0.431,3
"17",17,43257553,"c_calle_larga","05302","primera_seccion",-32.8872985839844,-70.6660995483398,20,0,0,115346945.6,1,0.95,1,0,0,0,0,0,0,0,"tranque",1,1,42,20,20,0.0034,0.15,0.0028,0.05,0.1,0,0,0.333,5
"18",18,43262389,"c_calle_larga","05302","primera_seccion",-32.8936996459961,-70.6157989501953,0.5,0,0,665000,1,0.6,0,0,1,0,0,0,1,0,"no tengo sistema de acumulaciã³n",1,0,43,30,0.5,1e-04,0.0948,8e-04,0.05,0,0.1,0,0.323,2
"19",19,43262395,"c_calle_larga","05302","primera_seccion",-32.8939018249512,-70.6022033691406,0.5,0.2,0,267000,1,0.6,0,0,0.6,0,0,0,1,0,"no tengo sistema de acumulaciã³n",1,0,63,50,0.3,0,0.0948,8e-04,0.05,0,0.1,0,0.322,2
"20",20,43262398,"c_calle_larga","05302","primera_seccion",-32.8866004943848,-70.5828018188477,0.3,0,0,-111000,1,0.6,0,0,1,0,0,0,1,0,"estanque",1,1,21,51,0.3,0,0.0948,8e-04,0.05,0.1,0.1,0,0.422,2
"21",21,43262402,"c_calle_larga","05302","primera_seccion",-32.8599014282227,-70.6380996704102,2,0,0,2790684,1,0.7,1,0,0,0,0,0,1,0,"no tengo sistema de acumulaciã³n",1,1,78,60,2,3e-04,0.11055,8e-04,0.05,0.1,0.1,0,0.438,4
"22",22,43271846,"c_los_andes","05301","primera_seccion",-32.8394012451172,-70.5323028564453,1,0.5,0,-1801329,1,0.7,0.5,0,0,0,0,0,1,0,"tranque",1,0,84,70,0.5,1e-04,0.11055,8e-04,0.05,0,0.1,0,0.337,2
"23",23,43271847,"c_los_andes","05301","primera_seccion",-32.8415985107422,-70.5317001342773,1,0.5,0,-931522,1,0.6,0.5,0,0,0,0,0,1,0,"tranque",1,0,74,60,0.5,1e-04,0.0948,8e-04,0.05,0,0.1,0,0.321,2
"24",25,43271851,"c_san_esteban","05304","primera_seccion",-32.8418006896973,-70.5233001708984,0.5,0.2,0,1061202.6,1,0.7,0.6,0,0,0,0,0,1,0,"no tengo sistema de acumulaciã³n",1,0,68,40,0.3,0,0.11055,8e-04,0.05,0,0.1,0,0.288,2
"25",26,43271852,"c_los_andes","05301","primera_seccion",-32.8549995422363,-70.5075988769531,1.5,0.5,0,-1516611.2,2,0.65,0.333333333333333,0,0.333333333333333,0,0,0,1,0,"no tengo sistema de acumulaciã³n",1,0,55,60,1,2e-04,0.1026,8e-04,0.05,0,0.1,0,0.329,2
"26",27,43271853,"c_san_esteban","05304","primera_seccion",-32.8214988708496,-70.5440979003906,0.5,0.2,0,22103883.9,1,0.6,0.6,0,0,0,0,0,1,0,"no tengo sistema de acumulaciã³n",1,0,71,60,0.3,0,0.0948,0.0012,0.05,0,0.1,0,0.298,2
"27",28,43271854,"c_los_andes","05301","primera_seccion",-32.858699798584,-70.5105972290039,1.5,0.5,0,-3959658,1,0.7,0.666666666666667,0,0,0,0,0,1,0,"otra forma de acumulaciã³n de agua en el predio",1,0,65,50,1,2e-04,0.11055,6e-04,0.05,0,0.1,0,0.337,2
"28",29,43272915,"c_san_felipe","05701","primera_seccion",-32.7580986022949,-70.6836013793945,0.25,0,0,604706,1,0.7,1,0,0,0,0,0,1,0,"no tengo sistema de acumulaciã³n",1,1,68,15,0.25,0,0.11055,8e-04,0.05,0.1,0.1,0,0.435,4
"29",30,43344921,"c_hijuelas","05503","primera_seccion",-32.8431015014648,-71.0558013916016,8,0,0,20155296,1,0.7,1,0,0,0,0,0,1,0,"no tengo sistema de acumulaciã³n",1,1,70,60,8,0.0014,0.11055,0.001,0.05,0.1,0.1,0,0.378,4
"30",31,43344927,"c_hijuelas","05503","tercera_seccion",-32.8554992675781,-71.0999984741211,0.5,0,0,445000,1,0.9,0,0,1,0,0,0,0,1,"estanque",1,1,26,0,0.5,1e-04,0.14205,8e-04,0.05,0.1,0,0.1,0.458,3
"31",32,43344929,"c_hijuelas","05503","tercera_seccion",-32.8443984985352,-71.0715026855469,4.5,0.5,0,66033282,2,0.9,0.888888888888889,0,0,0,0,0,0,0,"no tengo sistema de acumulaciã³n",1,0,76,65,4,7e-04,0.14205,0.0018,0.05,0,0,0,0.259,2
"32",33,43349079,"c_hijuelas","05503","tercera_seccion",-32.8157997131348,-71.0549011230469,7,0,0,91041890,2,0.95,0,1,0,0,0,0,1,0,"otra forma de acumulaciã³n de agua en el predio",1,1,28,10,7,0.0012,0.15,0.0024,0.05,0.1,0.1,0,0.468,1
"33",36,43349085,"c_hijuelas","05503","tercera_seccion",-32.8283004760742,-71.084098815918,6.5,2.5,0,-11714153,1,0.95,0,0,0,0,0.615384615384615,0,1,0,"tranque",1,0,54,30,4,7e-04,0.15,6e-04,0.05,0,0.1,0,0.366,3
"34",37,43349088,"c_hijuelas","05503","tercera_seccion",-32.8167991638184,-71.0523986816406,10,0,0,213986490,1,0.9,1,0,0,0,0,0,0,0,"otra forma de acumulaciã³n de agua en el predio",1,1,57,50,10,0.0017,0.14205,0.0044,0.05,0.1,0,0,0.363,4
"35",38,43349089,"c_hijuelas","05503","tercera_seccion",-32.8191986083984,-71.0617980957031,1.5,0.5,0,-1817658,1,0.95,0.666666666666667,0,0,0,0,0,0,1,"no tengo sistema de acumulaciã³n",1,1,36,10,1,2e-04,0.15,8e-04,0.05,0.1,0,0.1,0.441,4
"36",39,43349090,"c_hijuelas","05503","tercera_seccion",-32.8005981445312,-71.0604019165039,4,2,0,11640864.8,2,0.65,0,0.25,0.25,0,0,0,1,0,"no tengo sistema de acumulaciã³n",1,1,75,65,2,3e-04,0.1026,0.001,0.05,0.1,0.1,0,0.419,1
"37",40,43353476,"c_hijuelas","05503","tercera_seccion",-32.8182983398438,-71.027702331543,2,0,0,260000,1,0.7,0,0,1,0,0,0,1,0,"no tengo sistema de acumulaciã³n",1,1,63,10,2,3e-04,0.11055,8e-04,0.05,0.1,0.1,0,0.426,3
"38",42,43353494,"c_hijuelas","05503","tercera_seccion",-32.8166007995605,-71.0374984741211,7,2,0,-2237208,2,0.775,0,0.571428571428571,0.142857142857143,0,0,0,1,0,"otra forma de acumulaciã³n de agua en el predio",0,0,32,5,5,9e-04,0.1224,8e-04,0,0,0.1,0,0.289,1
"39",43,43353495,"c_hijuelas","05503","segunda_seccion",-32.8268013000488,-71.0336990356445,1,0,0,1530000,1,0.6,0,0,1,0,0,0,1,0,"no tengo sistema de acumulaciã³n",0,1,74,3,1,2e-04,0.0948,8e-04,0,0.1,0.1,0,0.36,3
"40",44,43358251,"c_calera","05502","tercera_seccion",-32.7792015075684,-71.1645965576172,20,13,0,132090966,1,0.95,0,0.35,0,0,0,0,0,1,"otra forma de acumulaciã³n de agua en el predio",1,1,37,18,7,0.0012,0.15,0.003,0.05,0.1,0,0.1,0.442,3
"41",46,43359399,"c_nogales","05506","tercera_seccion",-32.7658996582031,-71.2008972167969,1,0,0,493134,1,0.95,0,1,0,0,0,0,1,0,"otra forma de acumulaciã³n de agua en el predio",1,1,64,54,1,2e-04,0.15,8e-04,0.05,0.1,0.1,0,0.442,1
"42",47,43149701,"c_llay_llay","05703","segunda_seccion",-32.8759002685547,-70.9208984375,32,22,0,21300000,1,0.6,0,0,0.3125,0,0,0,1,0,"tranque",1,1,60,40,10,0.0017,0.0948,0.0012,0.05,0.1,0.1,0,0.426,3
"43",48,43149702,"c_llay_llay","05703","segunda_seccion",-32.8778991699219,-70.931396484375,10,4,0,-6712289,2,0.95,0.4,0.2,0,0,0,0,0,0,"tranque",1,1,28,1,6,0.001,0.15,6e-04,0.05,0.1,0,0,0.379,3
"44",50,43149704,"c_llay_llay","05703","segunda_seccion",-32.8516998291016,-70.9412994384766,25,23,0,2794767.5,2,0.65,0,0.04,0.04,0,0,0,1,0,"tranque",1,1,61,50,2,3e-04,0.1026,8e-04,0.05,0.1,0.1,0,0.407,3
"45",51,43156001,"c_catemu","05702","segunda_seccion",-32.7732009887695,-70.9308013916016,4,2,0,55391360,1,0.95,0,0.5,0,0,0,0,1,0,"no tengo sistema de acumulaciã³n",0,0,70,45,2,3e-04,0.15,0.0016,0,0,0.1,0,0.318,1
"46",52,43156005,"c_catemu","05702","segunda_seccion",-32.7868995666504,-70.9121017456055,3,0,0,3390000,1,0.6,0,0,1,0,0,0,1,0,"no tengo sistema de acumulaciã³n",1,1,95,40,3,5e-04,0.0948,8e-04,0.05,0.1,0.1,0,0.437,3
"47",53,43156009,"c_catemu","05702","segunda_seccion",-32.7902984619141,-70.9113006591797,6,1,0,-350000,1,0.6,0,0,0.833333333333333,0,0,0,1,0,"no tengo sistema de acumulaciã³n",1,0,71,50,5,9e-04,0.0948,8e-04,0.05,0,0.1,0,0.312,2
"48",54,43156017,"c_catemu","05702","segunda_seccion",-32.7905006408691,-70.9114990234375,0.5,0,0,3593116.2,1,0.6,1,0,0,0,0,0,1,0,"no tengo sistema de acumulaciã³n",1,1,78,64,0.5,1e-04,0.0948,8e-04,0.05,0.1,0.1,0,0.412,2
"49",55,43156030,"c_catemu","05702","segunda_seccion",-32.7737007141113,-70.9334030151367,10,0,0,3970226.5,2,0.6,0,1,0,0,0,0,1,0,"no tengo sistema de acumulaciã³n",1,0,45,25,10,0.0017,0.0948,8e-04,0.05,0,0.1,0,0.313,1
"50",56,43156031,"c_catemu","05702","segunda_seccion",-32.7789993286133,-70.9318008422852,1,0,0,54569621.25,2,0.7,0,1,0,0,0,0,1,0,"no tengo sistema de acumulaciã³n",1,0,79,80,1,2e-04,0.11055,0.0016,0.05,0,0.1,0,0.303,2
"51",57,43162118,"c_catemu","05702","segunda_seccion",-32.7813987731934,-70.970703125,4,0,0,11577270,1,0.7,0,1,0,0,0,0,1,0,"no tengo sistema de acumulaciã³n",1,1,58,30,4,7e-04,0.11055,0.001,0.05,0.1,0.1,0,0.453,1
"52",58,43162122,"c_catemu","05702","segunda_seccion",-32.7654991149902,-70.9787979125977,0.5,0,0,617558700,2,0.7,1,0,0,0,0,0,0,1,"otra forma de acumulaciã³n de agua en el predio",1,0,64,30,0.5,1e-04,0.11055,0.0112,0.05,0,0,0.1,0.338,2
"53",60,43162126,"c_catemu","05702","segunda_seccion",-32.7606010437012,-70.9760971069336,0.5,0,0,979522945.7,2,0.6,1,0,0,0,0,0,1,0,"tranque",1,1,72,60,0.5,1e-04,0.0948,0.0174,0.05,0.1,0.1,0,0.453,2
"54",62,43162130,"c_catemu","05702","segunda_seccion",-32.7602996826172,-70.9742965698242,30,12,0,126465606,1,0.95,0.6,0,0,0,0,0,0,0,"tranque",1,0,75,65,18,0.0031,0.15,0.003,0.05,0,0,0,0.297,4
"55",63,43169901,"c_santa_maria","05706","segunda_seccion",-32.7476005554199,-70.6292037963867,5.4,0.4,0,51999770,1,0.95,0.925925925925926,0,0,0,0,0,0,1,"tranque",1,1,75,60,5,9e-04,0.15,0.0016,0.05,0.1,0,0.1,0.428,4
"56",64,43169902,"c_san_esteban","05304","segunda_seccion",-32.7971000671387,-70.5794982910156,2,0,0,8824824,1,0.7,1,0,0,0,0,0,1,0,"tranque",1,0,80,70,2,3e-04,0.11055,8e-04,0.05,0,0.1,0,0.289,2
"57",65,43169903,"c_santa_maria","05706","segunda_seccion",-32.7537002563477,-70.6081008911133,5,0,0,121350170,1,0.95,1,0,0,0,0,0,1,0,"no tengo sistema de acumulaciã³n",1,0,62,50,5,9e-04,0.15,0.0028,0.05,0,0.1,0,0.304,4
"58",66,43169904,"c_san_esteban","05304","segunda_seccion",-32.7481002807617,-70.5913009643555,1,0,0,46462162,1,0.95,1,0,0,0,0,0,1,0,"tranque",1,0,63,11,1,2e-04,0.15,0.0016,0.05,0,0.1,0,0.304,4
"59",67,43169905,"c_san_esteban","05304","segunda_seccion",-32.7840003967285,-70.6023025512695,2.5,0,25,81480205,1,0.95,1,0,0,0,0,0,1,0,"tranque",1,0,67,15,2.5,4e-04,0.15,0.0022,0.05,0,0.1,0,0.33,4
"60",68,43169906,"c_santa_maria","05706","segunda_seccion",-32.7565994262695,-70.632698059082,5,0,0,162960410,1,0.95,1,0,0,0,0,0,0,1,"tranque",1,0,68,40,5,9e-04,0.15,0.0036,0.05,0,0,0.1,0.305,4
"61",69,43175612,"c_santa_maria","05706","segunda_seccion",-32.7790985107422,-70.6126022338867,13,3,0,251022388,1,0.7,0.769230769230769,0,0,0,0,0,1,0,"no tengo sistema de acumulaciã³n",1,0,59,40,10,0.0017,0.11055,0.005,0.05,0,0.1,0,0.268,4
"62",70,43251785,"c_rinconada","05303","primera_seccion",-32.8686981201172,-70.6804962158203,4.5,1.5,0,5257026,1,0.95,0.666666666666667,0,0,0,0,0,1,0,"tranque",1,1,56,40,3,5e-04,0.15,8e-04,0.05,0.1,0.1,0,0.431,4
"63",72,43251797,"c_santa_maria","05706","segunda_seccion",-32.7760009765625,-70.6303024291992,0.8,0,0,19416027.2,1,0.7,1,0,0,0,0,0,1,0,"tranque",0,0,74,50,0.8,1e-04,0.11055,0.001,0,0,0.1,0,0.237,2
"64",74,43257534,"c_calle_larga","05302","primera_seccion",-32.8344993591309,-70.6495971679688,16,3,0,513852586,1,0.95,0.8125,0,0,0,0,0,1,0,"tranque",1,1,76,60,13,0.0022,0.15,0.0096,0.05,0.1,0.1,0,0.464,5
"65",75,43257535,"c_los_andes","05301","primera_seccion",-32.8252983093262,-70.6368026733398,14,0,0,-20449212,1,0.95,1,0,0,0,0,0,1,0,"tranque",1,1,44,30,14,0.0024,0.15,4e-04,0.05,0.1,0.1,0,0.453,5
"66",77,43257538,"c_calle_larga","05302","primera_seccion",-32.8361015319824,-70.6605987548828,10,2,0,14018736,1,0.95,0.8,0,0,0,0,0,1,0,"tranque",1,1,69,33,8,0.0014,0.15,0.001,0.05,0.1,0.1,0,0.429,5
"67",79,43262393,"c_san_esteban","05304","primera_seccion",-32.7844009399414,-70.5770034790039,5,0,0,47730068,2,0.65,0.4,0,0.6,0,0,0,1,0,"no tengo sistema de acumulaciã³n",1,0,27,15,5,9e-04,0.1026,0.0016,0.05,0,0.1,0,0.282,4
"68",80,43262397,"c_san_esteban","05304","segunda_seccion",-32.7741012573242,-70.5613021850586,1,0.5,0,5721370.724,1,0.7,0.5,0,0,0,0,0,1,0,"no tengo sistema de acumulaciã³n",1,1,44,53,0.5,1e-04,0.11055,8e-04,0.05,0.1,0.1,0,0.364,2
"69",81,43262404,"c_san_esteban","05304","segunda_seccion",-32.7681007385254,-70.5647964477539,4,2,0,-5420316,1,0.7,0.5,0,0,0,0,0,1,0,"tranque",1,1,78,65,2,3e-04,0.11055,6e-04,0.05,0.1,0.1,0,0.414,4
"70",82,43262408,"c_san_esteban","05304","primera_seccion",-32.7658996582031,-70.5699996948242,6.5,2,0,6399135,1,0.7,0.692307692307692,0,0,0,0,0,1,0,"no tengo sistema de acumulaciã³n",1,1,63,43,4.5,8e-04,0.11055,8e-04,0.05,0.1,0.1,0,0.389,4
"71",83,43262409,"c_san_esteban","05304","segunda_seccion",-32.7751007080078,-70.5653991699219,9,0,0,82614482.64,1,0.7,1,0,0,0,0,0,1,0,"no tengo sistema de acumulaciã³n",1,0,56,48,9,0.0015,0.11055,0.0022,0.05,0,0.1,0,0.291,4
"72",85,43269130,"c_san_esteban","05304","primera_seccion",-32.7947006225586,-70.5673980712891,1.5,0.5,0,-4852158,1,0.7,0.666666666666667,0,0,0,0,0,1,0,"no tengo sistema de acumulaciã³n",1,1,87,70,1,2e-04,0.11055,6e-04,0.05,0.1,0.1,0,0.413,4
"73",86,43269133,"c_san_esteban","05304","primera_seccion",-32.7565002441406,-70.5838012695312,6,3.5,0,34321933,1,0.95,0.416666666666667,0,0,0,0,0,1,0,"tranque",1,0,52,40,2.5,4e-04,0.15,0.0014,0.05,0,0.1,0,0.329,4
"74",88,43273346,"c_san_felipe","05701","segunda_seccion",-32.7344017028809,-70.6949005126953,0.15,0,0,-629648.7,1,0,1,0,0,0,0,0,1,0,"no tengo sistema de acumulaciã³n",1,0,44,20,0.15,0,0,8e-04,0.05,0,0.1,0,0.174,2
"75",89,43346363,"c_quillota","05501","tercera_seccion",-32.9089012145996,-71.2281036376953,4,2,0,19800331.2,1,0.95,0,0.5,0,0,0,0,0,1,"no tengo sistema de acumulaciã³n",1,0,65,35,2,3e-04,0.15,0.001,0.05,0,0,0.1,0.331,1
"76",90,43346364,"c_quillota","05501","tercera_seccion",-32.9026985168457,-71.2156982421875,1,0,0,7125774,1,0.95,0,1,0,0,0,0,0,1,"tranque",0,0,68,50,1,2e-04,0.15,8e-04,0,0,0,0.1,0.281,2
"77",92,43346366,"c_quillota","05501","tercera_seccion",-32.8786010742188,-71.2332000732422,1,0.6,0,6619511.6,1,0.95,0,0.4,0,0,0,0,0,1,"no tengo sistema de acumulaciã³n",1,1,70,50,0.4,1e-04,0.15,8e-04,0.05,0.1,0,0.1,0.456,1
"78",93,43346368,"c_quillota","05501","tercera_seccion",-32.9030990600586,-71.2021026611328,1,0.5,0,3520087.2,1,0.95,0,0.5,0,0,0,0,0,0,"tranque",1,0,60,50,0.5,1e-04,0.15,8e-04,0.05,0,0,0,0.256,2
"79",94,43346369,"c_quillota","05501","tercera_seccion",-32.9087982177734,-71.2281036376953,4,0,0,39080664,1,0.95,0,1,0,0,0,0,0,1,"no tengo sistema de acumulaciã³n",1,0,50,30,4,7e-04,0.15,0.0014,0.05,0,0,0.1,0.307,1
"80",95,43346370,"c_quillota","05501","tercera_seccion",-32.8737983703613,-71.2040023803711,4,2,0,144130188,1,0.95,0,0.5,0,0,0,0,0,1,"tranque",0,0,49,32,2,3e-04,0.15,0.0032,0,0,0,0.1,0.283,1
"81",96,43350254,"c_quillota","05501","tercera_seccion",-32.9149017333984,-71.4072036743164,8,6,0,5890374,1,0.6,0,0.25,0,0,0,0,1,0,"tranque",1,0,60,40,2,3e-04,0.0948,8e-04,0.05,0,0.1,0,0.251,3
"82",97,43350255,"c_quillota","05501","tercera_seccion",-32.9309005737305,-71.3311996459961,4,0,0,66380580,1,0.95,0,1,0,0,0,0,0,1,"no tengo sistema de acumulaciã³n",1,1,40,4,4,7e-04,0.15,0.0018,0.05,0.1,0,0.1,0.432,1
"83",98,43350256,"c_quillota","05501","tercera_seccion",-32.9182014465332,-71.3506011962891,10,2,0,79201324.8,1,0.95,0,0.8,0,0,0,0,0,1,"no tengo sistema de acumulaciã³n",0,1,46,30,8,0.0014,0.15,0.002,0,0.1,0,0.1,0.358,1
"84",100,43350259,"c_quillota","05501","tercera_seccion",-32.8597984313965,-71.2229995727539,6,3,0,47413380,1,0.95,0,0.5,0,0,0,0,0,1,"no tengo sistema de acumulaciã³n",1,0,63,45,3,5e-04,0.15,0.0016,0.05,0,0,0.1,0.307,1
"85",101,43350262,"c_la_cruz","05504","tercera_seccion",-32.8368988037109,-71.1929016113281,5,0,0,121515735,1,0.9,1,0,0,0,0,0,0,0,"tranque",1,0,53,35,5,9e-04,0.14205,0.0028,0.05,0,0,0,0.232,2
"86",102,43353789,"c_quillota","05501","tercera_seccion",-32.9207992553711,-71.2708969116211,3,2,0,-467302.5,1,0.95,0,0.333333333333333,0,0,0,0,0,1,"tranque",1,1,66,50,1,2e-04,0.15,8e-04,0.05,0.1,0,0.1,0.431,1
"87",103,43353790,"c_quillota","05501","tercera_seccion",-32.9146995544434,-71.2744979858398,3,1,0,33190290,1,0.95,0,0.666666666666667,0,0,0,0,0,1,"no tengo sistema de acumulaciã³n",1,0,67,55,2,3e-04,0.15,0.0014,0.05,0,0,0.1,0.332,1
"88",104,43353791,"c_quillota","05501","tercera_seccion",-32.9222984313965,-71.2968978881836,12,7,0,330260970,1,0.95,0,0.416666666666667,0,0,0,0,0,1,"no tengo sistema de acumulaciã³n",1,1,71,60,5,9e-04,0.15,0.0064,0.05,0.1,0,0.1,0.412,1
"89",105,43353793,"c_quillota","05501","tercera_seccion",-32.9171981811523,-71.2689971923828,1,0.5,0,-3981543,1,0.95,0,0.5,0,0,0,0,0,1,"no tengo sistema de acumulaciã³n",1,0,69,50,0.5,1e-04,0.15,6e-04,0.05,0,0,0.1,0.331,2
"90",106,43353795,"c_quillota","05501","tercera_seccion",-32.9449996948242,-71.2669982910156,1.5,0.5,0,6357676.5,1,0.95,0,0.666666666666667,0,0,0,0,0,1,"tranque",1,1,55,40,1,2e-04,0.15,8e-04,0.05,0.1,0,0.1,0.456,1
"91",107,43353796,"c_quillota","05501","tercera_seccion",-32.9448013305664,-71.2873001098633,1,0.4,0,8364236.4,1,0.95,0,0.6,0,0,0,0,0,1,"tranque",1,0,25,6,0.6,1e-04,0.15,8e-04,0.05,0,0,0.1,0.306,1
"92",108,43353798,"c_quillota","05501","tercera_seccion",-32.9355010986328,-71.2660980224609,1,0,0,36839120.64,1,0.95,0,1,0,0,0,0,0,1,"no tengo sistema de acumulaciã³n",1,0,53,20,1,2e-04,0.15,0.0014,0.05,0,0,0.1,0.332,1
"93",109,43353801,"c_quillota","05501","tercera_seccion",-32.9168014526367,-71.271598815918,2,1,0,8676077,1,0.95,0,0.5,0,0,0,0,0,1,"no tengo sistema de acumulaciã³n",1,1,57,45,1,2e-04,0.15,8e-04,0.05,0.1,0,0.1,0.431,1
"94",110,43358425,"c_la_cruz","05504","tercera_seccion",-32.8036994934082,-71.2100982666016,8,1.5,0,44695033.5,1,0.9,0.8125,0,0,0,0,0,0,1,"no tengo sistema de acumulaciã³n",0,1,66,50,6.5,0.0011,0.14205,0.0016,0,0.1,0,0.1,0.381,4
"95",111,43358426,"c_la_cruz","05504","tercera_seccion",-32.8035011291504,-71.2135009765625,8.5,1,0,585272700,1,0.9,0.882352941176471,0,0,0,0,0,0,1,"no tengo sistema de acumulaciã³n",0,1,79,50,7.5,0.0013,0.14205,0.0108,0,0.1,0,0.1,0.365,4
"96",112,43358427,"c_la_cruz","05504","tercera_seccion",-32.8190002441406,-71.2246017456055,1,0,0,12685155,1,0.9,1,0,0,0,0,0,0,1,"no tengo sistema de acumulaciã³n",1,1,70,55,1,2e-04,0.14205,0.001,0.05,0.1,0,0.1,0.404,2
"97",113,43361394,"c_la_cruz","05504","tercera_seccion",-32.8033981323242,-71.2255020141602,1,0,0,56252625,1,0.6,1,0,0,0,0,0,0,1,"tranque",1,1,72,60,1,2e-04,0.0948,0.0018,0.05,0.1,0,0.1,0.383,2
"98",114,43363034,"c_hijuelas","05503","tercera_seccion",-32.8097991943359,-71.1573028564453,25,0,0,882655523,2,0.925,1,0,0,0,0,0,0,1,"tranque",1,1,51,10,25,0.0043,0.1461,0.0158,0.05,0.1,0,0.1,0.431,5
"99",115,43149759,"c_catemu","05702","segunda_seccion",-32.7667007446289,-70.9483032226562,19,12,0,69758640,1,0.6,0,0.368421052631579,0,0,0,0,1,0,"no tengo sistema de acumulaciã³n",1,1,67,15,7,0.0012,0.0948,0.002,0.05,0.1,0.1,0,0.414,3
"100",116,43149761,"c_catemu","05702","segunda_seccion",-32.7677993774414,-70.951301574707,2,0,0,17884488,1,0.7,0,1,0,0,0,0,1,0,"no tengo sistema de acumulaciã³n",1,1,72,50,2,3e-04,0.11055,0.001,0.05,0.1,0.1,0,0.428,1
"101",118,43149763,"c_catemu","05702","segunda_seccion",-32.7765998840332,-70.9614028930664,4.3,2.3,0,31087668,1,0.7,0,0.465116279069767,0,0,0,0,1,0,"no tengo sistema de acumulaciã³n",1,0,82,70,2,3e-04,0.11055,0.0012,0.05,0,0.1,0,0.353,1
"102",119,43155966,"c_panquehue","05704","segunda_seccion",-32.7994995117188,-70.8928985595703,7,0,0,202095174,2,0.7,0,1,0,0,0,0,1,0,"no tengo sistema de acumulaciã³n",0,1,64,32,7,0.0012,0.11055,0.0042,0,0.1,0.1,0,0.45,1
"103",120,43155968,"c_panquehue","05704","segunda_seccion",-32.8026008605957,-70.8798980712891,5,4,5,-2297156,1,0.6,0,0.2,0,0,0,0,1,0,"no tengo sistema de acumulaciã³n",1,1,54,40,1,2e-04,0.0948,8e-04,0.05,0.1,0.1,0,0.43,1
"104",121,43155971,"c_panquehue","05704","segunda_seccion",-32.7927017211914,-70.8651962280273,8,3,0,3468658.5,2,0.7,0,0.625,0,0,0,0,1,0,"no tengo sistema de acumulaciã³n",1,1,63,20,5,9e-04,0.11055,8e-04,0.05,0.1,0.1,0,0.446,1
"105",122,43155974,"c_panquehue","05704","segunda_seccion",-32.8086013793945,-70.9443969726562,8.6,1.6,0,811714848,1,0.6,0,0.813953488372093,0,0,0,0,1,0,"no tengo sistema de acumulaciã³n",0,1,64,30,7,0.0012,0.0948,0.0146,0,0.1,0.1,0,0.42,1
"106",123,43155983,"c_panquehue","05704","segunda_seccion",-32.8050003051758,-70.8872985839844,15,1,15,15820000,1,0.6,0,0,0.933333333333333,0,0,0,1,0,"no tengo sistema de acumulaciã³n",0,1,47,4,14,0.0024,0.0948,0.001,0,0.1,0.1,0,0.432,3
"107",124,43162308,"c_panquehue","05704","segunda_seccion",-32.7639007568359,-70.8240966796875,32,4,0,259767566,2,0.95,0.875,0,0,0,0,0,1,0,"tranque",1,1,34,15,28,0.0048,0.15,0.0052,0.05,0.1,0.1,0,0.519,5
"108",125,43162312,"c_llay_llay","05703","segunda_seccion",-32.831600189209,-70.9849014282227,7.5,1.5,0,11824270,2,0.7,0,0.8,0,0,0,0,1,0,"no tengo sistema de acumulaciã³n",1,1,65,30,6,0.001,0.11055,0.001,0.05,0.1,0.1,0,0.415,1
"109",126,43162315,"c_llay_llay","05703","segunda_seccion",-32.8259010314941,-70.9926986694336,1.3,1.2,0,49313.4,1,0.7,0,0.0769230769230769,0,0,0,0,1,0,"no tengo sistema de acumulaciã³n",1,0,54,3,0.1,0,0.11055,8e-04,0.05,0,0.1,0,0.314,3
"110",127,43162316,"c_llay_llay","05703","segunda_seccion",-32.8272018432617,-70.9890975952148,11,6,0,2465670,1,0.7,0,0.454545454545455,0,0,0,0,1,0,"no tengo sistema de acumulaciã³n",1,1,56,40,5,9e-04,0.11055,8e-04,0.05,0.1,0.1,0,0.465,1
"111",128,43162318,"c_llay_llay","05703","segunda_seccion",-32.8317985534668,-70.9852981567383,13,5,8,19458586,2,0.7,0,0.615384615384615,0,0,0,0,1,0,"no tengo sistema de acumulaciã³n",1,0,58,30,8,0.0014,0.11055,0.001,0.05,0,0.1,0,0.316,1
"112",129,43169894,"c_san_esteban","05304","primera_seccion",-32.7478981018066,-70.5958023071289,1,0,0,-2606,1,0.95,1,0,0,0,0,0,1,0,"tranque",0,0,64,43,1,2e-04,0.15,8e-04,0,0,0.1,0,0.303,2
"113",130,43169896,"c_santa_maria","05706","primera_seccion",-32.771800994873,-70.6206970214844,9,0,0,119243790,2,0.7,1,0,0,0,0,0,1,0,"otra forma de acumulaciã³n de agua en el predio",1,0,64,35,9,0.0015,0.11055,0.0028,0.05,0,0.1,0,0.315,4
"114",132,43169898,"c_san_esteban","05304","primera_seccion",-32.7636985778809,-70.5588989257812,6,0,2,130141194.7,1,0.95,1,0,0,0,0,0,1,0,"tranque",1,0,56,40,6,0.001,0.15,0.003,0.05,0,0.1,0,0.331,4
"115",134,43175737,"c_san_esteban","05304","primera_seccion",-32.8196983337402,-70.5482025146484,6,0,0,166854126,2,0.95,1,0,0,0,0,0,1,0,"tranque",1,0,74,55,6,0.001,0.15,0.0036,0.05,0,0.1,0,0.332,4
"116",135,43175738,"c_santa_maria","05706","segunda_seccion",-32.7751007080078,-70.613899230957,7,0,0,-228606,1,0.6,1,0,0,0,0,0,1,0,"no tengo sistema de acumulaciã³n",1,1,62,52,7,0.0012,0.0948,8e-04,0.05,0.1,0.1,0,0.372,4
"117",136,43251761,"c_san_felipe","05701","primera_seccion",-32.810001373291,-70.6820983886719,15,0,0,717737550,1,0.6,1,0,0,0,0,0,1,0,"no tengo sistema de acumulaciã³n",1,0,56,20,15,0.0026,0.0948,0.013,0.05,0,0.1,0,0.334,5
"118",138,43257031,"c_san_felipe","05701","primera_seccion",-32.8120994567871,-70.6452026367188,11,0,0,25908383.6,1,0.6,1,0,0,0,0,0,1,0,"tranque",1,1,70,50,11,0.0019,0.0948,0.0012,0.05,0.1,0.1,0,0.396,4
"119",139,43257032,"c_los_andes","05301","primera_seccion",-32.8228988647461,-70.6589965820312,22,19.8,0,36022668,1,0.7,0.1,0,0,0,0,0,1,0,"otra forma de acumulaciã³n de agua en el predio",1,0,57,45,2.2,4e-04,0.11055,0.0014,0.05,0,0.1,0,0.313,3
"120",140,43257033,"c_rinconada","05303","primera_seccion",-32.8474998474121,-70.6620025634766,22,5,0,19210000,1,0.6,0,0,0.772727272727273,0,0,0,1,0,"no tengo sistema de acumulaciã³n",1,1,67,49,17,0.0029,0.0948,0.001,0.05,0.1,0.1,0,0.428,3
"121",141,43257035,"c_calle_larga","05302","primera_seccion",-32.8557014465332,-70.6509017944336,21,6,0,171641121.7,1,0.6,0.714285714285714,0,0,0,0,0,1,0,"no tengo sistema de acumulaciã³n",1,1,58,29,15,0.0026,0.0948,0.0036,0.05,0.1,0.1,0,0.403,5
"122",144,43261620,"c_san_esteban","05304","primera_seccion",-32.7661018371582,-70.5649032592773,7,0,0,56294282.8,1,0.95,1,0,0,0,0,0,1,0,"tranque",1,0,52,34,7,0.0012,0.15,0.0018,0.05,0,0.1,0,0.355,4
"123",145,43261622,"c_san_esteban","05304","primera_seccion",-32.7700004577637,-70.5599975585938,3,0,0,1590000,1,0.7,0,0,1,0,0,0,1,0,"no tengo sistema de acumulaciã³n",1,0,57,47,3,5e-04,0.11055,8e-04,0.05,0,0.1,0,0.289,2
"124",146,43261623,"c_san_esteban","05304","primera_seccion",-32.7851982116699,-70.5772018432617,10,2,0,154305928,1,0.95,0.8,0,0,0,0,0,1,0,"tranque",1,1,77,55,8,0.0014,0.15,0.0034,0.05,0.1,0.1,0,0.432,4
"125",147,43261624,"c_san_esteban","05304","primera_seccion",-32.7803993225098,-70.5688018798828,11,1,0,10671630,1,0.9,0.909090909090909,0,0,0,0,0,1,0,"tranque",1,1,49,37,10,0.0017,0.14205,0.001,0.05,0.1,0.1,0,0.422,5
"126",148,43261625,"c_san_esteban","05304","segunda_seccion",-32.7633018493652,-70.5636978149414,3.8,0,0,21915919.66,1,0.95,1,0,0,0,0,0,1,0,"tranque",1,1,55,48,3.8,7e-04,0.15,0.0012,0.05,0.1,0.1,0,0.429,4
"127",149,43261628,"c_san_esteban","05304","segunda_seccion",-32.7644996643066,-70.5633010864258,6,0,0,214070476,2,0.95,1,0,0,0,0,0,1,0,"tranque",1,0,31,19,6,0.001,0.15,0.0044,0.05,0,0.1,0,0.332,4
"128",151,43269061,"c_san_esteban","05304","primera_seccion",-32.7961006164551,-70.5635986328125,0.5,0,0,8637260,1,0.7,1,0,0,0,0,0,1,0,"no tengo sistema de acumulaciã³n",0,1,18,1,0.5,1e-04,0.11055,8e-04,0,0.1,0.1,0,0.339,4
"129",152,43269062,"c_san_esteban","05304","primera_seccion",-32.7971992492676,-70.5670013427734,15,8,0,98149413.25,1,0.6,0,0.466666666666667,0,0,0,0,1,0,"no tengo sistema de acumulaciã³n",1,1,64,48,7,0.0012,0.0948,0.0024,0.05,0.1,0.1,0,0.4,1
"130",153,43269063,"c_san_esteban","05304","primera_seccion",-32.7967987060547,-70.5621032714844,1,0,0,530000,1,0.7,0,0,1,0,0,0,1,0,"no tengo sistema de acumulaciã³n",1,1,52,50,1,2e-04,0.11055,8e-04,0.05,0.1,0.1,0,0.414,2
"131",154,43269064,"c_san_esteban","05304","primera_seccion",-32.7966003417969,-70.5580978393555,0.5,0.1,0,263978.864,2,0.7,0,0.8,0,0,0,0,1,0,"no tengo sistema de acumulaciã³n",1,1,70,60,0.4,1e-04,0.11055,8e-04,0.05,0.1,0.1,0,0.414,2
"132",155,43269065,"c_san_esteban","05304","segunda_seccion",-32.7521018981934,-70.581901550293,1,0,0,15608818.324,2,0.95,1,0,0,0,0,0,1,0,"tranque",1,0,75,67,1,2e-04,0.15,0.001,0.05,0,0.1,0,0.328,2
"133",157,43273347,"c_san_felipe","05701","primera_seccion",-32.736400604248,-70.6942977905273,3,2.8,0,-93460.5,1,0.7,0,0.0666666666666667,0,0,0,0,1,0,"no tengo sistema de acumulaciã³n",1,1,80,65,0.2,0,0.11055,8e-04,0.05,0.1,0.1,0,0.41,3
"134",158,43346330,"c_quillota","05501","tercera_seccion",-32.9038009643555,-71.2360000610352,1,0.8,0,1044036,1,0.95,0,0.2,0,0,0,0,0,0,"no tengo sistema de acumulaciã³n",1,1,52,30,0.2,0,0.15,8e-04,0.05,0.1,0,0,0.331,2
"135",159,43346331,"c_quillota","05501","tercera_seccion",-32.9053001403809,-71.2304000854492,2,1.5,0,22929279.5,1,0.95,0,0.25,0,0,0,0,0,1,"no tengo sistema de acumulaciã³n",1,0,67,53,0.5,1e-04,0.15,0.0012,0.05,0,0,0.1,0.331,2
"136",160,43346335,"c_quillota","05501","tercera_seccion",-32.9028015136719,-71.2009963989258,1.5,1,0,8274389.5,1,0.95,0,0.333333333333333,0,0,0,0,1,0,"otra forma de acumulaciã³n de agua en el predio",1,1,49,38,0.5,1e-04,0.15,8e-04,0.05,0.1,0.1,0,0.431,1
"137",161,43346337,"c_quillota","05501","tercera_seccion",-32.9005012512207,-71.2192993164062,1,0,0,32658559,1,0.95,0,1,0,0,0,0,0,1,"no tengo sistema de acumulaciã³n",0,0,61,50,1,2e-04,0.15,0.0014,0,0,0,0.1,0.307,2
"138",162,43349416,"c_quillota","05501","tercera_seccion",-32.9216995239258,-71.3504028320312,16,4,0,66568356,3,0.95,0,0.75,0,0,0,0,0,1,"no tengo sistema de acumulaciã³n",1,1,42,28,12,0.0021,0.15,0.0018,0.05,0.1,0,0.1,0.434,1
"139",163,43349417,"c_quillota","05501","tercera_seccion",-32.9235000610352,-71.3451995849609,10,6,0,51484060.5,2,0.825,0,0.4,0,0,0,0,0,0,"no tengo sistema de acumulaciã³n",0,1,49,35,4,7e-04,0.1302,0.0016,0,0.1,0,0,0.287,1
"140",164,43349418,"c_quillota","05501","tercera_seccion",-32.9183006286621,-71.3475036621094,18,0,0,257762736,1,0.95,0,1,0,0,0,0,0,1,"no tengo sistema de acumulaciã³n",1,1,47,32,18,0.0031,0.15,0.0052,0.05,0.1,0,0.1,0.438,1
"141",165,43349419,"c_la_cruz","05504","tercera_seccion",-32.8591003417969,-71.2225036621094,2.5,1.5,0,7402083.375,2,0.95,0,0.4,0,0,0,0,0,1,"no tengo sistema de acumulaciã³n",1,1,55,40,1,2e-04,0.15,8e-04,0.05,0.1,0,0.1,0.412,1
"142",166,43349420,"c_quillota","05501","tercera_seccion",-32.9317016601562,-71.3358001708984,6,1.5,0,58549293,2,0.95,0,0.75,0,0,0,0,0,1,"no tengo sistema de acumulaciã³n",1,1,54,12,4.5,8e-04,0.15,0.0018,0.05,0.1,0,0.1,0.408,1
"143",167,43353786,"c_quillota","05501","tercera_seccion",-32.9146003723145,-71.2750015258789,0.5,0.4,0,7326767.4,1,0.95,0,0.2,0,0,0,0,0,1,"no tengo sistema de acumulaciã³n",0,0,44,5,0.1,0,0.15,8e-04,0,0,0,0.1,0.306,2
"144",168,43353787,"c_quillota","05501","tercera_seccion",-32.9245986938477,-71.293098449707,2,1,0,-239803.2,1,0.95,0,0.5,0,0,0,0,0,1,"no tengo sistema de acumulaciã³n",1,1,77,63,1,2e-04,0.15,8e-04,0.05,0.1,0,0.1,0.456,1
"145",169,43353788,"c_quillota","05501","tercera_seccion",-32.9253005981445,-71.296501159668,18,8,17,142253085,2,0.95,0,0.555555555555556,0,0,0,0,0,1,"no tengo sistema de acumulaciã³n",1,1,40,21,10,0.0017,0.15,0.0032,0.05,0.1,0,0.1,0.41,1
"146",170,43353792,"c_quillota","05501","tercera_seccion",-32.9207992553711,-71.2988967895508,2,1.75,0,-1818646.5,1,0.6,0,0.125,0,0,0,0,0,0,"no tengo sistema de acumulaciã³n",1,0,56,48,0.25,0,0.0948,8e-04,0.05,0,0,0,0.176,2
"147",171,43353794,"c_quillota","05501","tercera_seccion",-32.9182014465332,-71.2666015625,2,1.5,1,3520087.2,1,0.95,0,0.25,0,0,0,0,0,1,"no tengo sistema de acumulaciã³n",1,1,65,52,0.5,1e-04,0.15,8e-04,0.05,0.1,0,0.1,0.431,1
"148",172,43353799,"c_quillota","05501","tercera_seccion",-32.9290008544922,-71.2605972290039,2,0.75,0,15938142.25,2,0.95,0,0.625,0,0,0,0,0,1,"no tengo sistema de acumulaciã³n",1,1,66,60,1.25,2e-04,0.15,0.001,0.05,0.1,0,0.1,0.431,1
"149",173,43358284,"c_la_cruz","05504","tercera_seccion",-32.8045997619629,-71.2201995849609,2,1,0,1067163,1,0.6,0.5,0,0,0,0,0,0,0,"no tengo sistema de acumulaciã³n",1,1,48,30,1,2e-04,0.0948,8e-04,0.05,0.1,0,0,0.307,4
"150",174,43358285,"c_la_cruz","05504","tercera_seccion",-32.8069000244141,-71.2213973999023,5,0,0,179605695,1,0.9,1,0,0,0,0,0,0,1,"tranque",1,0,72,40,5,9e-04,0.14205,0.0038,0.05,0,0,0.1,0.333,4
"151",175,43358286,"c_calera","05502","tercera_seccion",-32.7958984375,-71.2002029418945,12,0,0,187075836,1,0.9,1,0,0,0,0,0,0,0,"tranque",1,1,30,5,12,0.0021,0.14205,0.004,0.05,0.1,0,0,0.361,5
"152",176,43362998,"c_hijuelas","05503","tercera_seccion",-32.8054008483887,-71.1472015380859,2,1,0,-370000,1,0.6,0,0,0.5,0,0,0,0,1,"no tengo sistema de acumulaciã³n",1,1,47,35,1,2e-04,0.0948,8e-04,0.05,0.1,0,0.1,0.386,3
"153",180,43149693,"c_catemu","05702","segunda_seccion",-32.7438011169434,-70.9522018432617,10,0,0,242700340,1,0.95,1,0,0,0,0,0,0,0,"tranque",1,1,56,40,10,0.0017,0.15,0.0048,0.05,0.1,0,0,0.372,4
"154",181,43155961,"c_panquehue","05704","segunda_seccion",-32.8030014038086,-70.879997253418,6,0,0,3180000,1,0.7,0,0,1,0,0,0,1,0,"no tengo sistema de acumulaciã³n",1,1,75,60,6,0.001,0.11055,8e-04,0.05,0.1,0.1,0,0.496,3
"155",182,43155962,"c_panquehue","05704","segunda_seccion",-32.8117980957031,-70.9191970825195,33,3,0,1014674868,2,0.95,0.909090909090909,0,0,0,0,0,0,0,"estanque",0,0,72,56,30,0.0052,0.15,0.018,0,0,0,0,0.257,4
"156",183,43155965,"c_panquehue","05704","segunda_seccion",-32.7921981811523,-70.8685989379883,18,14,20,43277250,2,0.825,0.111111111111111,0,0,0.111111111111111,0,0,1,0,"tranque",1,1,66,35,4,7e-04,0.1302,0.0014,0.05,0.1,0.1,0,0.516,3
"157",185,43162877,"c_llay_llay","05703","segunda_seccion",-32.826000213623,-70.9928970336914,15,10,0,7697690,1,0.7,0,0.333333333333333,0,0,0,0,1,0,"no tengo sistema de acumulaciã³n",0,1,68,50,5,9e-04,0.11055,8e-04,0,0.1,0.1,0,0.415,1
"158",186,43162878,"c_panquehue","05704","segunda_seccion",-32.7639999389648,-70.8242034912109,15,0,0,94428891,1,0.9,1,0,0,0,0,0,1,0,"tranque",1,1,30,5,15,0.0026,0.14205,0.0024,0.05,0.1,0.1,0,0.506,5
"159",187,43162879,"c_llay_llay","05703","segunda_seccion",-32.8280982971191,-70.993896484375,1.2,0.7,0,65000,1,0.7,0,0,0.416666666666667,0,0,0,1,0,"no tengo sistema de acumulaciã³n",1,1,59,30,0.5,1e-04,0.11055,8e-04,0.05,0.1,0.1,0,0.464,3
"160",188,43162881,"c_llay_llay","05703","segunda_seccion",-32.8311004638672,-70.9906997680664,2.5,0,0,3149656,2,0.7,0,0.2,0.8,0,0,0,1,0,"tranque",1,1,65,50,2.5,4e-04,0.11055,8e-04,0.05,0.1,0.1,0,0.44,1
"161",190,43169887,"c_san_esteban","05304","primera_seccion",-32.7569007873535,-70.5935974121094,8,4,0,97080136,1,0.95,0.5,0,0,0,0,0,1,0,"tranque",1,1,73,50,4,7e-04,0.15,0.0024,0.05,0.1,0.1,0,0.405,4
"162",191,43169889,"c_santa_maria","05706","primera_seccion",-32.761100769043,-70.6242980957031,17,0,0,412590578,1,0.95,1,0,0,0,0,0,1,0,"tranque",1,1,27,10,17,0.0029,0.15,0.0078,0.05,0.1,0.1,0,0.411,5
"163",192,43169890,"c_san_esteban","05304","primera_seccion",-32.7504005432129,-70.5914993286133,0.5,0.1,0,2079469.6,1,0.95,0.8,0,0,0,0,0,0,0,"otra forma de acumulaciã³n de agua en el predio",1,0,70,60,0.4,1e-04,0.15,8e-04,0.05,0,0,0,0.253,2
"164",193,43175779,"c_san_esteban","05304","primera_seccion",-32.8111000061035,-70.5599975585938,9,0,0,93599586,1,0.95,1,0,0,0,0,0,1,0,"tranque",1,1,59,40,9,0.0015,0.15,0.0024,0.05,0.1,0.1,0,0.431,5
"165",194,43175785,"c_santa_maria","05706","primera_seccion",-32.7789993286133,-70.628303527832,5,0,0,57213707.24,1,0.95,1,0,0,0,0,0,1,0,"tranque",1,1,57,40,5,9e-04,0.15,0.0018,0.05,0.1,0.1,0,0.428,4
"166",195,43251784,"c_san_felipe","05701","primera_seccion",-32.8018989562988,-70.6780014038086,4,3,0,5409206,1,0.7,0.25,0,0,0,0,0,1,0,"otra forma de acumulaciã³n de agua en el predio",1,0,74,50,1,2e-04,0.11055,8e-04,0.05,0,0.1,0,0.31,4
"167",196,43251787,"c_santa_maria","05706","primera_seccion",-32.782600402832,-70.6296997070312,1,0,0,1630000,1,0.6,0,0,1,0,0,0,1,0,"no tengo sistema de acumulaciã³n",1,1,55,50,1,2e-04,0.0948,8e-04,0.05,0.1,0.1,0,0.346,2
"168",197,43256883,"c_calle_larga","05302","primera_seccion",-32.8549995422363,-70.6604995727539,1,0,0,2180000,1,0.6,0,0,1,0,0,0,1,0,"no tengo sistema de acumulaciã³n",1,1,33,10,1,2e-04,0.0948,8e-04,0.05,0.1,0.1,0,0.398,3
"169",200,43256886,"c_san_felipe","05701","primera_seccion",-32.7938003540039,-70.6666030883789,18,0,0,436860612,1,0.95,1,0,0,0,0,0,1,0,"tranque",1,1,48,31,18,0.0031,0.15,0.0082,0.05,0.1,0.1,0,0.485,5
"170",202,43262390,"c_san_esteban","05304","primera_seccion",-32.7863998413086,-70.5733032226562,4,3,0,-571558,1,0.7,0.25,0,0,0,0,0,1,0,"tranque",1,1,58,40,1,2e-04,0.11055,8e-04,0.05,0.1,0.1,0,0.414,3
"171",204,43262401,"c_san_esteban","05304","primera_seccion",-32.7692985534668,-70.5594024658203,4,0,0,97080136,1,0.95,1,0,0,0,0,0,1,0,"tranque",1,0,50,35,4,7e-04,0.15,0.0024,0.05,0,0.1,0,0.355,4
"172",205,43269160,"c_san_esteban","05304","primera_seccion",-32.7997016906738,-70.5572967529297,2,0,0,48540068,1,0.7,1,0,0,0,0,0,1,0,"no tengo sistema de acumulaciã³n",1,1,73,10,2,3e-04,0.11055,0.0016,0.05,0.1,0.1,0,0.39,4
"173",206,43269185,"c_san_esteban","05304","primera_seccion",-32.7957992553711,-70.5624008178711,1,0,0,-630633,1,0.7,1,0,0,0,0,0,1,0,"no tengo sistema de acumulaciã³n",1,1,79,60,1,2e-04,0.11055,8e-04,0.05,0.1,0.1,0,0.364,2
"174",207,43273342,"c_san_felipe","05701","primera_seccion",-32.7345008850098,-70.6919021606445,1,0,0,-3602658,1,0.7,1,0,0,0,0,0,1,0,"no tengo sistema de acumulaciã³n",1,0,82,65,1,2e-04,0.11055,6e-04,0.05,0,0.1,0,0.31,2
"175",208,43350291,"c_quillota","05501","tercera_seccion",-32.9160003662109,-71.3920974731445,1,0,0,7495173,1,0.95,0,1,0,0,0,0,0,0,"tranque",1,0,56,7,1,2e-04,0.15,8e-04,0.05,0,0,0,0.231,2
"176",209,43350292,"c_quillota","05501","tercera_seccion",-32.921501159668,-71.3443984985352,3,0,0,29310498,1,0.95,0,1,0,0,0,0,0,1,"no tengo sistema de acumulaciã³n",1,0,32,12,3,5e-04,0.15,0.0012,0.05,0,0,0.1,0.357,1
"177",210,43350294,"c_quillota","05501","tercera_seccion",-32.9230995178223,-71.3470993041992,5,0,0,32816814,2,0.95,0,1,0,0,0,0,0,0,"tranque",0,1,45,30,5,9e-04,0.15,0.0014,0,0.1,0,0,0.282,1
"178",211,43350295,"c_quillota","05501","tercera_seccion",-32.921199798584,-71.3405990600586,1,0,0,2945187,1,0.95,0,1,0,0,0,0,0,1,"no tengo sistema de acumulaciã³n",0,0,61,40,1,2e-04,0.15,8e-04,0,0,0,0.1,0.281,2
"179",212,43353804,"c_quillota","05501","tercera_seccion",-32.9096984863281,-71.2567977905273,9,2,0,195790770,1,0.95,0,0.777777777777778,0,0,0,0,0,1,"no tengo sistema de acumulaciã³n",1,0,72,60,7,0.0012,0.15,0.004,0.05,0,0,0.1,0.36,1
"180",213,43353805,"c_quillota","05501","tercera_seccion",-32.9137992858887,-71.2771987915039,2,0,0,204259188,1,0.95,0,1,0,0,0,0,0,1,"tranque",1,1,39,20,2,3e-04,0.15,0.0042,0.05,0.1,0,0.1,0.459,1
"181",214,43353807,"c_quillota","05501","tercera_seccion",-32.9250984191895,-71.2957000732422,4,2,0,37740276,1,0.95,0,0.5,0,0,0,0,0,1,"no tengo sistema de acumulaciã³n",1,0,41,20,2,3e-04,0.15,0.0014,0.05,0,0,0.1,0.332,1
"182",215,43353809,"c_quillota","05501","tercera_seccion",-32.9141006469727,-71.2752990722656,2,0,0,14990346,1,0.95,0,1,0,0,0,0,0,1,"no tengo sistema de acumulaciã³n",0,1,65,50,2,3e-04,0.15,0.001,0,0.1,0,0.1,0.381,1
"183",216,43358279,"c_la_cruz","05504","tercera_seccion",-32.8068008422852,-71.2397003173828,20,0,0,718422780,1,0.9,1,0,0,0,0,0,0,1,"no tengo sistema de acumulaciã³n",1,0,55,40,20,0.0034,0.14205,0.013,0.05,0,0,0.1,0.32,4
"184",217,43358282,"c_la_cruz","05504","tercera_seccion",-32.8152008056641,-71.2245025634766,2,0.5,0,17575483.5,1,0,0.75,0,0,0,0,0,0,1,"no tengo sistema de acumulaciã³n",1,1,47,20,1.5,3e-04,0,0.001,0.05,0.1,0,0.1,0.287,4
"185",218,43359653,"c_hijuelas","05503","tercera_seccion",-32.814998626709,-71.1549987792969,5,0,0,179605695,1,0.9,1,0,0,0,0,0,0,1,"tranque",1,0,74,27,5,9e-04,0.14205,0.0038,0.05,0,0,0.1,0.311,4
"186",219,43363047,"c_hijuelas","05503","tercera_seccion",-32.8221015930176,-71.1336975097656,6,0,0,41256954,1,0.9,1,0,0,0,0,0,0,1,"no tengo sistema de acumulaciã³n",1,1,64,4,6,0.001,0.14205,0.0014,0.05,0.1,0,0.1,0.409,5
"187",220,43363050,"c_hijuelas","05503","tercera_seccion",-32.8032989501953,-71.1434020996094,30,13,0,616450305,2,0.95,0.566666666666667,0,0,0,0,0,0,1,"tranque",1,1,36,13,17,0.0029,0.15,0.0112,0.05,0.1,0,0.1,0.429,5
"188",221,43149695,"c_catemu","05702","segunda_seccion",-32.7672004699707,-70.9509963989258,16,0,0,36020512,1,0.95,1,0,0,0,0,0,1,1,"tranque",1,0,53,35,16,0.0028,0.15,0.0014,0.05,0,0.1,0.1,0.47,5
"189",222,43149696,"c_catemu","05702","segunda_seccion",-32.7719993591309,-70.9549026489258,26,13,0,-43771572,1,0.95,0.5,0,0,0,0,0,1,0,"no tengo sistema de acumulaciã³n",1,1,28,10,13,0.0022,0.15,0,0.05,0.1,0.1,0,0.468,5
"190",223,43149697,"c_catemu","05702","segunda_seccion",-32.7731018066406,-70.9571990966797,10,0,0,326585590,1,0.95,0,1,0,0,0,0,0,0,"tranque",1,1,64,20,10,0.0017,0.15,0.0064,0.05,0.1,0,0,0.374,1
"191",224,43149698,"c_catemu","05702","segunda_seccion",-32.7522010803223,-70.9570007324219,3,0,0,-5452974,1,0.7,1,0,0,0,0,0,1,0,"no tengo sistema de acumulaciã³n",1,1,31,20,3,5e-04,0.11055,6e-04,0.05,0.1,0.1,0,0.427,4
"192",225,43155988,"c_panquehue","05704","segunda_seccion",-32.7962989807129,-70.8832015991211,5,0,0,162960410,1,0.95,1,0,0,0,0,0,1,1,"no tengo sistema de acumulaciã³n",1,0,69,40,5,9e-04,0.15,0.0036,0.05,0,0.1,0.1,0.489,5
"193",227,43155990,"c_panquehue","05704","segunda_seccion",-32.7976989746094,-70.885498046875,10,5,0,223173165,1,0.6,0.5,0,0,0,0,0,1,0,"tranque",1,0,71,19,5,9e-04,0.0948,0.0046,0.05,0,0.1,0,0.359,4
"194",228,43155992,"c_catemu","05702","segunda_seccion",-32.8064002990723,-70.9516983032227,8,0,0,217661160,1,0.6,1,0,0,0,0,0,1,0,"no tengo sistema de acumulaciã³n",1,1,31,10,8,0.0014,0.0948,0.0044,0.05,0.1,0.1,0,0.391,5
"195",230,43162869,"c_llay_llay","05703","segunda_seccion",-32.831298828125,-70.9933013916016,13,5,0,40141557.5,2,0.7,0,0.615384615384615,0,0,0,0,1,1,"no tengo sistema de acumulaciã³n",1,1,43,30,8,0.0014,0.11055,0.0014,0.05,0.1,0.1,0.1,0.516,3
"196",231,43162872,"c_llay_llay","05703","segunda_seccion",-32.8291015625,-70.9961013793945,0.5,0,0,12996845,1,0.7,0,1,0,0,0,0,1,0,"no tengo sistema de acumulaciã³n",1,1,59,50,0.5,1e-04,0.11055,0.001,0.05,0.1,0.1,0,0.464,1
"197",232,43162874,"c_llay_llay","05703","segunda_seccion",-32.8325004577637,-70.9965972900391,8,0,4,207949520,1,0.7,0,1,0,0,0,0,1,0,"tranque",1,0,71,40,8,0.0014,0.11055,0.0042,0.05,0,0.1,0,0.369,1
"198",233,43169913,"c_santa_maria","05706","primera_seccion",-32.7417984008789,-70.654296875,4,0,0,54915092.8,1,0.95,1,0,0,0,0,0,1,0,"tranque",1,0,43,20,4,7e-04,0.15,0.0016,0.05,0,0.1,0,0.303,4
"199",234,43169924,"c_san_felipe","05701","segunda_seccion",-32.7485008239746,-70.6874008178711,6,2,0,8695105.5,3,0.7,0.666666666666667,0,0,0,0,0,1,0,"tranque",1,0,79,50,4,7e-04,0.11055,8e-04,0.05,0,0.1,0,0.285,4
"200",235,43170051,"c_san_felipe","05701","segunda_seccion",-32.7337989807129,-70.6974029541016,2.5,0,0,105527101.2,2,0.7,1,0,0,0,0,0,1,0,"no tengo sistema de acumulaciã³n",1,0,75,55,2.5,4e-04,0.11055,0.0026,0.05,0,0.1,0,0.312,2
"201",236,43170054,"c_san_felipe","05701","segunda_seccion",-32.7355995178223,-70.6864013671875,16,0,0,310648096,1,0.7,1,0,0,0,0,0,1,0,"no tengo sistema de acumulaciã³n",1,1,40,12,16,0.0028,0.11055,0.006,0.05,0.1,0.1,0,0.393,5
"202",237,43170057,"c_san_felipe","05701","segunda_seccion",-32.7459983825684,-70.6922988891602,7,3.5,0,53358378,2,0.7,0,0.5,0,0,0,0,1,0,"no tengo sistema de acumulaciã³n",0,1,68,50,3.5,6e-04,0.11055,0.0016,0,0.1,0.1,0,0.361,1
"203",238,43170059,"c_santa_maria","05706","primera_seccion",-32.7332000732422,-70.6616973876953,7,4,0,41186319.6,1,0.95,0.428571428571429,0,0,0,0,0,1,0,"tranque",1,1,55,40,3,5e-04,0.15,0.0014,0.05,0.1,0.1,0,0.427,4
"204",239,43170062,"c_santa_maria","05706","primera_seccion",-32.7369995117188,-70.6704025268555,3.5,0.5,0,76971126,1,0.7,0.857142857142857,0,0,0,0,0,1,0,"no tengo sistema de acumulaciã³n",1,0,75,75,3,5e-04,0.11055,0.002,0.05,0,0.1,0,0.314,2
"205",240,43175449,"c_san_felipe","05701","segunda_seccion",-32.7338981628418,-70.6917037963867,0.5,0,0,-1087329,1,0.7,1,0,0,0,0,0,1,0,"no tengo sistema de acumulaciã³n",1,0,82,40,0.5,1e-04,0.11055,8e-04,0.05,0,0.1,0,0.31,2
"206",241,43175452,"c_san_felipe","05701","primera_seccion",-32.7332000732422,-70.6878967285156,0.8,0.2,0,1328917.483,2,0.7,0.75,0,0,0,0,0,1,0,"no tengo sistema de acumulaciã³n",1,1,62,40,0.6,1e-04,0.11055,8e-04,0.05,0.1,0.1,0,0.41,4
"207",242,43175453,"c_santa_maria","05706","segunda_seccion",-32.7378005981445,-70.651496887207,2,1.2,1,10612201.12,2,0.7,0.4,0,0,0,0,0,1,0,"tranque",1,0,80,80,0.8,1e-04,0.11055,0.001,0.05,0,0.1,0,0.287,2
"208",245,43251748,"c_san_felipe","05701","primera_seccion",-32.8125991821289,-70.7093963623047,30,0,0,41860260,1,0.9,1,0,0,0,0,0,1,0,"tranque",1,1,59,52,30,0.0052,0.14205,0.0014,0.05,0.1,0.1,0,0.422,5
"209",246,43251750,"c_rinconada","05303","tercera_seccion",-32.8174018859863,-70.7008972167969,6.5,3.5,0,-6406002,1,0.6,0,0.461538461538462,0,0,0,0,1,0,"tranque",1,1,26,12,3,5e-04,0.0948,6e-04,0.05,0.1,0.1,0,0.401,1
"210",248,43252094,"c_rinconada","05303","primera_seccion",-32.8543014526367,-70.6975021362305,3,0,0,49430068,2,0.775,0.666666666666667,0,0.333333333333333,0,0,0,1,0,"tranque",1,0,83,70,3,5e-04,0.1224,0.0016,0.05,0,0.1,0,0.329,2
"211",250,43257540,"c_calle_larga","05302","primera_seccion",-32.8804016113281,-70.6689987182617,3,0,0,3115026,1,0.7,1,0,0,0,0,0,1,0,"no tengo sistema de acumulaciã³n",0,0,74,62,3,5e-04,0.11055,8e-04,0,0,0.1,0,0.264,2
"212",253,43257543,"c_calle_larga","05302","primera_seccion",-32.8711013793945,-70.6110000610352,13,4,0,142660269.5,2,0.65,0.538461538461538,0.153846153846154,0,0,0,0,1,0,"no tengo sistema de acumulaciã³n",1,1,71,60,9,0.0015,0.1026,0.0032,0.05,0.1,0.1,0,0.409,3
"213",254,43257663,"c_calle_larga","05302","primera_seccion",-32.8689002990723,-70.5931015014648,7.5,1.7,0,94968852,1,0.95,0.773333333333333,0,0,0,0,0,1,0,"tranque",1,0,61,50,5.8,0.001,0.15,0.0024,0.05,0,0.1,0,0.355,4
"214",255,43262792,"c_calle_larga","05302","primera_seccion",-32.885799407959,-70.6303024291992,7.5,5.5,0,1780000,1,0.6,0,0,0.266666666666667,0,0,0,1,0,"no tengo sistema de acumulaciã³n",1,1,30,20,2,3e-04,0.0948,8e-04,0.05,0.1,0.1,0,0.398,3
"215",256,43262793,"c_calle_larga","05302","segunda_seccion",-32.8912010192871,-70.625602722168,5.6,2.6,0,3390000,1,0.6,0,0,0.535714285714286,0,0,0,1,0,"no tengo sistema de acumulaciã³n",1,1,44,20,3,5e-04,0.0948,8e-04,0.05,0.1,0.1,0,0.398,3
"216",259,43262796,"c_calle_larga","05302","tercera_seccion",-32.8773994445801,-70.6100997924805,8,5,0,2670000,1,0.6,0,0,0.375,0,0,0,1,0,"no tengo sistema de acumulaciã³n",1,0,57,50,3,5e-04,0.0948,8e-04,0.05,0,0.1,0,0.323,3
"217",260,43264233,"c_calle_larga","05302","primera_seccion",-32.8890991210938,-70.6251983642578,6,0,0,780000,1,0.7,0,0,1,0,0,0,1,0,"no tengo sistema de acumulaciã³n",1,0,69,4,6,0.001,0.11055,8e-04,0.05,0,0.1,0,0.314,3
"218",261,43264237,"c_calle_larga","05302","primera_seccion",-32.8945999145508,-70.6092987060547,26,10,0,226457340,2,0.825,0.615384615384615,0,0,0,0,0,1,0,"tranque",1,1,49,30,16,0.0028,0.1302,0.0046,0.05,0.1,0.1,0,0.439,5
"219",262,43264238,"c_calle_larga","05302","primera_seccion",-32.8768997192383,-70.603401184082,0.8,0.1,0,-1093860.6,1,0.7,0.875,0,0,0,0,0,1,0,"no tengo sistema de acumulaciã³n",1,0,71,50,0.7,1e-04,0.11055,8e-04,0.05,0,0.1,0,0.338,2
"220",263,43264240,"c_calle_larga","05302","primera_seccion",-32.8823013305664,-70.5919036865234,5,2,0,-1110000,1,0.6,0,0,0.6,0,0,0,1,0,"estanque",1,1,53,43,3,5e-04,0.0948,8e-04,0.05,0.1,0.1,0,0.398,3
"221",268,43269308,"c_san_esteban","05304","primera_seccion",-32.8289985656738,-70.5421981811523,7.8,3.8,0,-12625632,1,0.7,0.512820512820513,0,0,0,0,0,1,0,"tranque",1,0,53,40,4,7e-04,0.11055,6e-04,0.05,0,0.1,0,0.289,4
"222",270,43269494,"c_los_andes","05301","primera_seccion",-32.8583984375,-70.5093994140625,2,0.7,0,2737524,2,0.8,0.65,0,0,0,0,0,1,0,"no tengo sistema de acumulaciã³n",1,0,64,20,1.3,2e-04,0.1263,8e-04,0.05,0,0.1,0,0.328,4
"223",271,43269495,"c_los_andes","05301","primera_seccion",-32.8515014648438,-70.5102996826172,1.3,0.3,0,3537342,1,0.9,0.769230769230769,0,0,0,0,0,1,0,"no tengo sistema de acumulaciã³n",1,0,52,13,1,2e-04,0.14205,8e-04,0.05,0,0.1,0,0.343,4
"224",272,43269496,"c_los_andes","05301","primera_seccion",-32.8545989990234,-70.5098037719727,0.3,0,0,-99047.4,1,0.7,1,0,0,0,0,0,1,0,"no tengo sistema de acumulaciã³n",1,0,76,34,0.3,0,0.11055,8e-04,0.05,0,0.1,0,0.337,2
"225",275,43269499,"c_san_esteban","05304","primera_seccion",-32.8339996337891,-70.5335998535156,0.8,0.5,0,-937997.4,1,0.6,0.375,0,0,0,0,0,1,0,"no tengo sistema de acumulaciã³n",1,0,80,16,0.3,0,0.0948,8e-04,0.05,0,0.1,0,0.273,2
"226",276,43269500,"c_san_esteban","05304","primera_seccion",-32.8190002441406,-70.5454025268555,8,5,5.5,64488054,1,0.7,0.375,0,0,0,0,0,1,0,"no tengo sistema de acumulaciã³n",1,1,62,32,3,5e-04,0.11055,0.0018,0.05,0.1,0.1,0,0.365,4
"227",277,43273494,"c_san_felipe","05701","primera_seccion",-32.7426986694336,-70.6892013549805,2,0.5,0,1747106.4,2,0.65,0.25,0,0.5,0,0,0,1,0,"no tengo sistema de acumulaciã³n",1,0,65,30,1.5,3e-04,0.1026,8e-04,0.05,0,0.1,0,0.327,4
"228",278,43332670,"c_santa_maria","05706","primera_seccion",-32.7608985900879,-70.681396484375,14,5,0,2070000,1,0.6,0,0,0.642857142857143,0,0,0,1,0,"no tengo sistema de acumulaciã³n",1,1,52,10,9,0.0015,0.0948,8e-04,0.05,0.1,0.1,0,0.348,3
"229",278,43332670,"c_santa_maria","05706","primera_seccion",-32.7608985900879,-70.681396484375,14,5,0,2070000,1,0.6,0,0,0.642857142857143,0,0,0,1,0,"no tengo sistema de acumulaciã³n",1,1,52,10,9,0.0015,0.0948,8e-04,0.05,0.1,0.1,0,0.348,3
"230",279,43332671,"c_santa_maria","05706","primera_seccion",-32.7323989868164,-70.6305999755859,1,0,0,39527122,1,0.7,1,0,0,0,0,0,1,0,"no tengo sistema de acumulaciã³n",1,1,48,30,1,2e-04,0.11055,0.0014,0.05,0.1,0.1,0,0.388,4
"231",281,43344916,"c_hijuelas","05503","tercera_seccion",-32.8619003295898,-71.0811004638672,0.4,0,0,4202712.6,1,0.95,1,0,0,0,0,0,1,0,"otra forma de acumulaciã³n de agua en el predio",1,0,69,64,0.4,1e-04,0.15,8e-04,0.05,0,0.1,0,0.341,2
"232",282,43344917,"c_hijuelas","05503","tercera_seccion",-32.8546981811523,-71.1035995483398,3.5,0,0,43693033.25,2,0.7,0,1,0,0,0,0,1,0,"no tengo sistema de acumulaciã³n",1,0,63,55,3.5,6e-04,0.11055,0.0014,0.05,0,0.1,0,0.302,2
"233",283,43345005,"c_hijuelas","05503","tercera_seccion",-32.8559989929199,-71.1039962768555,1,0.25,0,26105013.75,1,0.95,0,0.75,0,0,0,0,0,1,"no tengo sistema de acumulaciã³n",1,1,57,47,0.75,1e-04,0.15,0.0012,0.05,0.1,0,0.1,0.441,1
"234",284,43345007,"c_hijuelas","05503","tercera_seccion",-32.8550987243652,-71.0811004638672,1.25,0,0,2370054.584,3,0.7,0,0.6,0,0,0.4,0,1,0,"no tengo sistema de acumulaciã³n",1,1,56,45,1.25,2e-04,0.11055,8e-04,0.05,0.1,0.1,0,0.376,1
"235",285,43349406,"c_hijuelas","05503","tercera_seccion",-32.8255996704102,-71.0795974731445,1.5,0.5,0,3130000,1,0.6,0,0,0.666666666666667,0,0,0,1,0,"tranque",1,0,60,50,1,2e-04,0.0948,8e-04,0.05,0,0.1,0,0.286,2
"236",286,43349407,"c_hijuelas","05503","tercera_seccion",-32.8261985778809,-71.0673980712891,33,2,0,743812043,2,0.95,0.939393939393939,0,0,0,0,0,1,0,"otra forma de acumulaciã³n de agua en el predio",1,1,46,32,31,0.0053,0.15,0.0134,0.05,0.1,0.1,0,0.433,5
"237",287,43349408,"c_hijuelas","05503","segunda_seccion",-32.8185997009277,-71.0626983642578,30,0,0,1800854172,1,0.8,1,0,0,0,0,0,1,0,"tranque",1,1,50,30,30,0.0052,0.1263,0.0314,0.05,0.1,0.1,0,0.453,5
"238",288,43349409,"c_hijuelas","05503","tercera_seccion",-32.8166007995605,-71.0516967773438,3,1.5,0,12129548,2,0.7,0,0.5,0,0,0,0,1,0,"otra forma de acumulaciã³n de agua en el predio",1,1,62,50,1.5,3e-04,0.11055,0.001,0.05,0.1,0.1,0,0.402,1
"239",289,43349410,"c_hijuelas","05503","segunda_seccion",-32.812801361084,-71.0537033081055,1.2,0.2,0,9984077,1,0.7,0,0.833333333333333,0,0,0,0,1,0,"otra forma de acumulaciã³n de agua en el predio",1,1,44,25,1,2e-04,0.11055,0.001,0.05,0.1,0.1,0,0.401,1
"240",290,43349411,"c_hijuelas","05503","segunda_seccion",-32.8069000244141,-71.0593032836914,7,4,0,31011197.24,2,0.65,0.214285714285714,0,0.214285714285714,0,0,0,1,0,"no tengo sistema de acumulaciã³n",0,0,63,25,3,5e-04,0.1026,0.0012,0,0,0.1,0,0.244,4
"241",291,43349412,"c_hijuelas","05503","segunda_seccion",-32.8007011413574,-71.059196472168,2.5,1,0,18552046,2,0.65,0,0.6,0,0,0,0,1,0,"no tengo sistema de acumulaciã³n",1,1,59,49,1.5,3e-04,0.1026,0.001,0.05,0.1,0.1,0,0.419,1
"242",292,43349415,"c_hijuelas","05503","tercera_seccion",-32.863899230957,-71.0822982788086,33,0,10,1079524170,2,0.875,0.909090909090909,0,0.0909090909090909,0,0,0,0,0,"tranque",1,1,43,7,33,0.0057,0.13815,0.0192,0.05,0.1,0,0,0.353,5
"243",293,43350189,"c_hijuelas","05503","tercera_seccion",-32.8266983032227,-71.0798034667969,4.3,1.3,2,-12049272.5,2,0.7,0,0.232558139534884,0,0,0.465116279069767,0,1,0,"no tengo sistema de acumulaciã³n",1,1,73,60,3,5e-04,0.11055,6e-04,0.05,0.1,0.1,0,0.426,1
"244",294,43350190,"c_hijuelas","05503","segunda_seccion",-32.8226013183594,-71.0606994628906,0.5,0.4,0,2237746.483,1,0.7,0.2,0,0,0,0,0,1,0,"tranque",1,0,59,50,0.1,0,0.11055,8e-04,0.05,0,0.1,0,0.326,2
"245",295,43350191,"c_hijuelas","05503","tercera_seccion",-32.8143997192383,-71.0543975830078,6.8,1.8,0,-2298496,3,0.666666666666667,0.147058823529412,0,0.294117647058824,0,0.294117647058824,0,1,0,"estanque",0,1,67,43,5,9e-04,0.1053,8e-04,0,0.1,0.1,0,0.347,3
"246",296,43350192,"c_hijuelas","05503","segunda_seccion",-32.8146018981934,-71.0619964599609,3,2,0,-3870483.6,1,0.7,0.333333333333333,0,0,0,0,0,1,0,"no tengo sistema de acumulaciã³n",1,0,61,52,1,2e-04,0.11055,6e-04,0.05,0,0.1,0,0.301,2
"247",297,43352322,"c_hijuelas","05503","segunda_seccion",-32.8269004821777,-71.0404968261719,7,0,0,3710000,1,0.6,0,0,1,0,0,0,1,0,"no tengo sistema de acumulaciã³n",1,1,52,7,7,0.0012,0.0948,8e-04,0.05,0.1,0.1,0,0.386,3
"248",298,43352323,"c_hijuelas","05503","segunda_seccion",-32.823299407959,-71.0289001464844,5.5,1.5,55,17542857.72,3,0.7,0,0.363636363636364,0,0,0.363636363636364,0,1,0,"otra forma de acumulaciã³n de agua en el predio",1,1,78,55,4,7e-04,0.11055,0.001,0.05,0.1,0.1,0,0.402,1
"249",299,43352324,"c_hijuelas","05503","segunda_seccion",-32.8199996948242,-71.0263977050781,1,0.2,0,2015529.6,1,0.7,0.8,0,0,0,0,0,1,0,"no tengo sistema de acumulaciã³n",1,1,82,72,0.8,1e-04,0.11055,8e-04,0.05,0.1,0.1,0,0.401,2
"250",300,43352325,"c_hijuelas","05503","segunda_seccion",-32.8219985961914,-71.0391998291016,3.5,1,0,55943662.07,1,0.6,0.714285714285714,0,0,0,0,0,1,0,"no tengo sistema de acumulaciã³n",1,1,46,11,2.5,4e-04,0.0948,0.0018,0.05,0.1,0.1,0,0.387,4
"251",301,43352326,"c_hijuelas","05503","segunda_seccion",-32.8297996520996,-71.0926971435547,11,1,0,631481362,3,0.7,0.181818181818182,0.363636363636364,0,0,0.363636363636364,0,1,0,"tranque",1,1,28,1,10,0.0017,0.11055,0.0116,0.05,0.1,0.1,0,0.414,3
"252",303,43353478,"c_hijuelas","05503","segunda_seccion",-32.8255996704102,-71.0352020263672,18,0,0,161167679,3,0.95,0.277777777777778,0.277777777777778,0,0,0.444444444444444,0,1,0,"tranque",1,1,37,25,18,0.0031,0.15,0.0034,0.05,0.1,0.1,0,0.446,3
"253",306,43358245,"c_hijuelas","05503","tercera_seccion",-32.7831993103027,-71.1645965576172,1,0,0,22377464.83,1,0.7,1,0,0,0,0,0,1,0,"no tengo sistema de acumulaciã³n",1,1,35,25,1,2e-04,0.11055,0.0012,0.05,0.1,0.1,0,0.427,4
"254",307,43358246,"c_calera","05502","tercera_seccion",-32.7737998962402,-71.1605987548828,1,0,0,22377464.83,1,0.7,1,0,0,0,0,0,0,0,"no tengo sistema de acumulaciã³n",1,1,48,5,1,2e-04,0.11055,0.0012,0.05,0.1,0,0,0.325,4
"255",308,43359400,"c_calera","05502","tercera_seccion",-32.7622985839844,-71.16259765625,5,1,0,-5173323,2,0.7,0,0.4,0,0,0.4,0,0,0,"tranque",0,0,68,50,4,7e-04,0.11055,6e-04,0,0,0,0,0.175,2
"256",309,43359401,"c_calera","05502","tercera_seccion",-32.7704010009766,-71.2079010009766,1,0,0,16266098,1,0.95,0,1,0,0,0,0,0,1,"tranque",1,1,70,0,1,2e-04,0.15,0.001,0.05,0.1,0,0.1,0.439,1
"257",312,43149673,"c_llay_llay","05703","segunda_seccion",-32.8791999816895,-70.9237976074219,16,0,0,-23808736,1,0.7,0,1,0,0,0,0,1,0,"tranque",1,1,57,40,16,0.0028,0.11055,4e-04,0.05,0.1,0.1,0,0.467,1
"258",313,43149750,"c_llay_llay","05703","tercera_seccion",-32.8737983703613,-70.9253997802734,2,0.3,0,-3670490,3,0.7,0,0.85,0,0,0,0,1,0,"tranque",1,0,49,25,1.7,3e-04,0.11055,6e-04,0.05,0,0.1,0,0.314,1
"259",314,43149751,"c_llay_llay","05703","tercera_seccion",-32.8410987854004,-70.9383010864258,0.2,0,0,13752318,1,0.6,1,0,0,0,0,0,1,0,"no tengo sistema de acumulaciã³n",1,1,67,37,0.2,0,0.0948,0.001,0.05,0.1,0.1,0,0.424,2
"260",315,43149752,"c_llay_llay","05703","tercera_seccion",-32.8498992919922,-70.9197998046875,23,0,109,136599854.48,2,0.95,1,0,0,0,0,0,1,0,"tranque",1,1,79,60,23,0.004,0.15,0.003,0.05,0.1,0.1,0,0.46,5
"261",316,43149753,"c_llay_llay","05703","tercera_seccion",-32.8596992492676,-70.9309997558594,12,8,0,2210464,1,0.6,0,0,0,0,0,0.333333333333333,1,0,"no tengo sistema de acumulaciã³n",1,1,74,69,4,7e-04,0.0948,8e-04,0.05,0.1,0.1,0,0.399,3
"262",317,43149756,"c_llay_llay","05703","tercera_seccion",-32.8641014099121,-70.9176025390625,0.6,0.2,0,52000,1,0.6,0,0,0.666666666666667,0,0,0,1,0,"no tengo sistema de acumulaciã³n",0,0,72,30,0.4,1e-04,0.0948,8e-04,0,0,0.1,0,0.248,2
"263",318,43155194,"c_catemu","05702","segunda_seccion",-32.7778015136719,-70.9340972900391,0.5,0,0,-15782040,1,0,1,0,0,0,0,0,0,0,"no tengo sistema de acumulaciã³n",1,0,54,11,0.5,1e-04,0,4e-04,0.05,0,0,0,0.116,2
"264",319,43155195,"c_catemu","05702","segunda_seccion",-32.7778015136719,-70.9304962158203,0.51,0,0,2078547.606,3,0.7,1,0,0,0,0,0,1,0,"no tengo sistema de acumulaciã³n",1,0,71,32,0.51,1e-04,0.11055,8e-04,0.05,0,0.1,0,0.327,2
"265",320,43155196,"c_catemu","05702","segunda_seccion",-32.7834014892578,-70.9163970947266,30,0,0,58975717.5,2,0.7,0,1,0,0,0,0,1,0,"tranque",1,0,49,20,30,0.0052,0.11055,0.0018,0.05,0,0.1,0,0.308,1
"266",321,43155198,"c_catemu","05702","segunda_seccion",-32.790699005127,-70.9141998291016,5.6,0.6,0,34380795,1,0.7,0.892857142857143,0,0,0,0,0,1,0,"no tengo sistema de acumulaciã³n",0,1,77,60,5,9e-04,0.11055,0.0014,0,0.1,0.1,0,0.379,4
"267",323,43155994,"c_catemu","05702","segunda_seccion",-32.7776985168457,-70.9337997436523,15.75,0,0,211236996.75,3,0.7,0,1,0,0,0,0,1,0,"tranque",1,1,57,49,15.75,0.0027,0.11055,0.0044,0.05,0.1,0.1,0,0.458,1
"268",325,43156002,"c_catemu","05702","segunda_seccion",-32.7862014770508,-70.9124984741211,2.5,0,5,-4593337.5,1,0.7,1,0,0,0,0,0,1,0,"no tengo sistema de acumulaciã³n",1,0,26,8,2.5,4e-04,0.11055,6e-04,0.05,0,0.1,0,0.302,4
"269",326,43156003,"c_catemu","05702","segunda_seccion",-32.7923011779785,-70.9141006469727,12,0,2,101155589.36,3,0.7,0,1,0,0,0,0,1,0,"no tengo sistema de acumulaciã³n",1,0,53,35,12,0.0021,0.11055,0.0024,0.05,0,0.1,0,0.356,1
"270",328,43156012,"c_catemu","05702","segunda_seccion",-32.7773017883301,-70.9334030151367,35,0,0,783211268.9,1,0.7,1,0,0,0,0,0,1,0,"tranque",1,0,49,32,35,0.006,0.11055,0.0142,0.05,0,0.1,0,0.372,5
"271",329,43156014,"c_catemu","05702","segunda_seccion",-32.7722015380859,-70.9347991943359,7,0,0,155723333.3,2,0.95,1,0,0,0,0,0,0,0,"tranque",0,1,45,3,7,0.0012,0.15,0.0034,0,0.1,0,0,0.32,4
"272",330,43156022,"c_catemu","05702","segunda_seccion",-32.7793998718262,-70.9319000244141,5,4.25,0,-2950755,3,0.7,0,0.1,0,0,0.05,0,1,0,"no tengo sistema de acumulaciã³n",1,1,61,15,0.75,1e-04,0.11055,6e-04,0.05,0.1,0.1,0,0.402,3
"273",331,43162120,"c_catemu","05702","segunda_seccion",-32.7806015014648,-70.9774017333984,3,1.75,0,4963749.285,2,0.95,0,0.333333333333333,0,0,0.0833333333333333,0,0,1,"no tengo sistema de acumulaciã³n",1,0,55,15,1.25,2e-04,0.15,8e-04,0.05,0,0,0.1,0.392,1
"274",332,43162121,"c_catemu","05702","segunda_seccion",-32.7647018432617,-70.9774017333984,8,0,0,7120000,1,0.7,0,0,1,0,0,0,1,0,"no tengo sistema de acumulaciã³n",1,1,97,88,8,0.0014,0.11055,8e-04,0.05,0.1,0.1,0,0.429,3
"275",333,43162124,"c_catemu","05702","segunda_seccion",-32.793701171875,-70.9849014282227,7,0,4,36858447.75,2,0.7,0,0.428571428571429,0,0,0.571428571428571,0,1,0,"no tengo sistema de acumulaciã³n",1,1,84,57,7,0.0012,0.11055,0.0014,0.05,0.1,0.1,0,0.429,1
"276",334,43162127,"c_catemu","05702","segunda_seccion",-32.7643013000488,-70.9705963134766,3,1.75,0,-2645172.5,2,0.7,0,0.0833333333333333,0,0,0.333333333333333,0,1,0,"no tengo sistema de acumulaciã³n",1,0,66,45,1.25,2e-04,0.11055,8e-04,0.05,0,0.1,0,0.352,3
"277",335,43162271,"c_catemu","05702","segunda_seccion",-32.7807006835938,-70.9642028808594,15,3,0,90901782,3,0.7,0,0.8,0,0,0,0,1,0,"no tengo sistema de acumulaciã³n",0,1,26,11,12,0.0021,0.11055,0.0022,0,0.1,0.1,0,0.406,1
"278",336,43162272,"c_catemu","05702","segunda_seccion",-32.7951011657715,-70.9877014160156,4,0,0,-3360615.077,2,0.65,0,0,0.75,0,0.25,0,1,0,"no tengo sistema de acumulaciã³n",0,0,52,40,4,7e-04,0.1026,6e-04,0,0,0.1,0,0.27,2
"279",338,43162275,"c_catemu","05702","segunda_seccion",-32.7658004760742,-70.9760971069336,0.7,0.1,0,-132000,1,0.6,0,0,0.857142857142857,0,0,0,1,0,"no tengo sistema de acumulaciã³n",1,1,56,40,0.6,1e-04,0.0948,8e-04,0.05,0.1,0.1,0,0.412,2
"280",339,43162276,"c_catemu","05702","segunda_seccion",-32.7658996582031,-70.9774017333984,7,2,0,3150000,1,0.6,0,0,0.714285714285714,0,0,0,1,0,"no tengo sistema de acumulaciã³n",1,1,52,10,5,9e-04,0.0948,8e-04,0.05,0.1,0.1,0,0.412,3
"281",340,43262400,"c_calle_larga","05302","primera_seccion",-32.8847999572754,-70.6190032958984,8,6,0,72619640,1,0.7,0.25,0,0,0,0,0,1,0,"no tengo sistema de acumulaciã³n",1,0,60,40,2,3e-04,0.11055,0.002,0.05,0,0.1,0,0.29,4
"282",341,43344922,"c_hijuelas","05503","tercera_seccion",-32.8548011779785,-71.0793991088867,20,16,0,520000,1,0.6,0,0,0.2,0,0,0,0,0,"tranque",1,1,43,14,4,7e-04,0.0948,8e-04,0.05,0.1,0,0,0.286,3
"283",342,43344923,"c_hijuelas","05503","tercera_seccion",-32.8464012145996,-71.063102722168,9,7.5,0,14328481.88,1,0.7,0,0.166666666666667,0,0,0,0,0,0,"no tengo sistema de acumulaciã³n",1,1,62,50,1.5,3e-04,0.11055,0.001,0.05,0.1,0,0,0.327,1
"284",343,43344926,"c_hijuelas","05503","tercera_seccion",-32.8400993347168,-71.0496978759766,4,2,0,44754929.65,1,0.7,0.5,0,0,0,0,0,1,0,"no tengo sistema de acumulaciã³n",1,1,63,50,2,3e-04,0.11055,0.0016,0.05,0.1,0.1,0,0.427,4
"285",345,43358248,"c_hijuelas","05503","tercera_seccion",-32.785099029541,-71.1591033935547,4.5,2.5,0,7166216,1,0.7,0,0.444444444444444,0,0,0,0,0,0,"tranque",1,0,64,40,2,3e-04,0.11055,8e-04,0.05,0,0,0,0.226,2
"286",346,43363042,"c_hijuelas","05503","tercera_seccion",-32.814998626709,-71.1468963623047,1.5,0.75,0,-2768851.5,1,0.95,0,0.5,0,0,0,0,0,1,"no tengo sistema de acumulaciã³n",1,1,57,47,0.75,1e-04,0.15,8e-04,0.05,0.1,0,0.1,0.441,1
"287",347,43363043,"c_hijuelas","05503","tercera_seccion",-32.7891998291016,-71.1611022949219,28,14,0,12113839.5,1,0.7,0,0,0,0,0.5,0,0,1,"otra forma de acumulaciã³n de agua en el predio",1,0,44,12,14,0.0024,0.11055,0.001,0.05,0,0,0.1,0.304,3
"288",348,43269127,"c_san_esteban","05304","primera_seccion",-32.7967987060547,-70.5668029785156,1.5,1,0,-1265829,1,0.7,0.333333333333333,0,0,0,0,0,1,0,"no tengo sistema de acumulaciã³n",0,1,76,44,0.5,1e-04,0.11055,8e-04,0,0.1,0.1,0,0.339,2
"289",349,43251783,"c_san_felipe","05701","tercera_seccion",-32.8685989379883,-70.6808013916016,10,5,0,5650000,1,0.6,0,0,0.5,0,0,0,1,0,"no tengo sistema de acumulaciã³n",1,1,53,40,5,9e-04,0.0948,8e-04,0.05,0.1,0.1,0,0.395,3
"290",350,43269294,"c_los_andes","05301","primera_seccion",-32.8521003723145,-70.5109024047852,0.3,0.28,0,0,1,0.6,0,0,0,0,0,0.0666666666666667,1,0,"no tengo sistema de acumulaciã³n",1,0,70,65,0.02,0,0.0948,8e-04,0.05,0,0.1,0,0.296,2
"291",351,43269306,"c_san_esteban","05304","primera_seccion",-32.8437004089355,-70.5214004516602,0.2017,0.1017,0,13000,1,0.6,0,0,0.495785820525533,0,0,0,1,0,"tranque",1,0,62,14,0.1,0,0.0948,8e-04,0.05,0,0.1,0,0.273,2
"292",352,43344914,"c_hijuelas","05503","tercera_seccion",-32.8398017883301,-71.0600967407227,2,1,0,22377464.83,1,0.7,0.5,0,0,0,0,0,0,0,"no tengo sistema de acumulaciã³n",1,0,30,23,1,2e-04,0.11055,0.0012,0.05,0,0,0,0.202,2
"293",353,43345002,"c_hijuelas","05503","tercera_seccion",-32.8391990661621,-71.0565032958984,4.5,2.5,0,44754929.65,1,0.7,0.444444444444444,0,0,0,0,0,1,0,"otra forma de acumulaciã³n de agua en el predio",1,0,57,45,2,3e-04,0.11055,0.0016,0.05,0,0.1,0,0.302,4
"294",354,43345009,"c_hijuelas","05503","tercera_seccion",-32.845100402832,-71.0544967651367,5.9,4.4,1,195000,1,0.6,0,0,0.254237288135593,0,0,0,1,0,"no tengo sistema de acumulaciã³n",1,1,57,40,1.5,3e-04,0.0948,8e-04,0.05,0.1,0.1,0,0.386,3
"295",356,43363288,"c_hijuelas","05503","tercera_seccion",-32.8028984069824,-71.1516036987305,14,13,0,890000,1,0.7,0,0,0.0714285714285714,0,0,0,0,1,"no tengo sistema de acumulaciã³n",1,1,46,9,1,2e-04,0.11055,8e-04,0.05,0.1,0,0.1,0.401,3
